MAKERERE UNIVERSITY,MBChB ,Generalist medical practitioners
MBARARA UNIVERSITY OF SCIENCE AND TECHNOLOGY,MBChB ,Generalist medical practitioners
MAKERERE UNIVERSITY,BDS,Dentists
EA,MBChB ,Generalist medical practitioners
KAMPALA INTERNATIONAL UNIVERSITY,MBChB ,Generalist medical practitioners
KENYA,M MED TROPICAL MEDICINE ,Specialist medical practitioners
UAE,MBBS ,Specialist medical practitioners
MULTAN,MBBS ,Specialist medical practitioners
NAIROBI,MBChB ,Generalist medical practitioners
DAR ES SALAAM,MD ,Specialist medical practitioners
GULU UNIVERSITY,MBChB ,Generalist medical practitioners
GRABEN CATHOLIC,MD ,Specialist medical practitioners
LIBERIA,MBChB ,Generalist medical practitioners
HARVARD,MD ,Specialist medical practitioners
BAYLOR,MD ,Specialist medical practitioners
CHICAGO,DDS ,Generalist medical practitioners
CAIRO,MBBCh ,Generalist medical practitioners
XINJIANG,MBBS ,Specialist medical practitioners
JOS,BMBCh ,Generalist medical practitioners
AIN SHAMS,MBBS ,Specialist medical practitioners
KARNATAKA,BDS,Dentists
IFE,MBChB ,Generalist medical practitioners
YAMAGUCHI,MD ,Specialist medical practitioners
RWANDA,MD ,Specialist medical practitioners
KING SAUD,MBBS ,Specialist medical practitioners
McGILL,MD ,Specialist medical practitioners
ADDIS ABABA,MD ,Specialist medical practitioners
KING SAUD,MBChB ,Generalist medical practitioners
MOSCOW,MBChB ,Generalist medical practitioners
TOMSK MEDICAL SCHOOL,MD ,Specialist medical practitioners
NORTH WESTERN,DDS ,Generalist medical practitioners
KING ABDULAZIZ,MBChB ,Generalist medical practitioners
MANSURA,M MED OPHTHALMOLOGY ,Specialist medical practitioners
KHARKHOV,MD ,Specialist medical practitioners
FRIEDRICH,MD ,Specialist medical practitioners
CAIRO,MBChB ,Generalist medical practitioners
McMASTER,MD ,Specialist medical practitioners
MUHIMBILI,MD ,Specialist medical practitioners
OTTAWA,MD ,Specialist medical practitioners
SOFIA,MBChB ,Generalist medical practitioners
CHITA,MD ,Specialist medical practitioners
STANFORD,MD ,Specialist medical practitioners
INTERNATIONAL UNIVERSITY OF AFRICA,MBBS ,Specialist medical practitioners
VINNITSA,MD ,Specialist medical practitioners
SZEGED,MD ,Specialist medical practitioners
SAURASHTRA,MBBS ,Specialist medical practitioners
LEYDEN,MD ,Specialist medical practitioners
THOMAS JEFFERSON,MD ,Specialist medical practitioners
MINSK,MBChB ,Generalist medical practitioners
PADUA,MBBS ,Specialist medical practitioners
KIGEZI,MD ,Specialist medical practitioners
CHINA,MBChB ,Generalist medical practitioners
JUBA,MBBS ,Specialist medical practitioners
PIROGOV,MD ,Specialist medical practitioners
KIU,MBChB ,Generalist medical practitioners
TOKYO,MD ,Specialist medical practitioners
BENIN,MBBS ,Specialist medical practitioners
L'VON,MD ,Specialist medical practitioners
RAJASTHAN,MBBS ,Specialist medical practitioners
WITWATERSRAND,BDS,Dentists
NORTH CAROLINA,MD ,Specialist medical practitioners
CASE WESTERN RESERVE,MD ,Specialist medical practitioners
CALIFORNIA,MD ,Specialist medical practitioners
HAMDARD,MBBS ,Specialist medical practitioners
TUMAINI,MD ,Specialist medical practitioners
GULBARGA,MBBS ,Specialist medical practitioners
BIRMINGHAM,MBChB ,Generalist medical practitioners
JONGJI,MBChB ,Generalist medical practitioners
EMORY,MD ,Specialist medical practitioners
TRIESTE,MD ,Specialist medical practitioners
HOWARD,MD ,Specialist medical practitioners
HUBERT KAIRUKI,MD ,Specialist medical practitioners
DAR ES SALAAM,DDS ,Generalist medical practitioners
LENINGRAD,MD ,Specialist medical practitioners
WASHINGTON,MD ,Specialist medical practitioners
KHARTOUM,MBBS ,Specialist medical practitioners
KANSAS,MD ,Specialist medical practitioners
ZIMBABWE,MBChB ,Generalist medical practitioners
VITERBSK,MD ,Specialist medical practitioners
MUST,MBChB ,Generalist medical practitioners
TORONTO,MD ,Specialist medical practitioners
LONDON,MBBS ,Specialist medical practitioners
COLUMBIA,MD ,Specialist medical practitioners
TURIN,MD ,Specialist medical practitioners
MILAN,MD ,Specialist medical practitioners
SANTIAGO,MD ,Specialist medical practitioners
LILLE,MD ,Specialist medical practitioners
RUSSIAN P.F,MD ,Specialist medical practitioners
PISA,MD ,Specialist medical practitioners
BRITISH COLUMBIA,MD ,Specialist medical practitioners
SHEFFIELD,MBChB ,Generalist medical practitioners
FREE,MD ,Specialist medical practitioners
BAYLOR,DDS ,Generalist medical practitioners
WEST VERGINIA,MD ,Specialist medical practitioners
MILANO,MBBS ,Specialist medical practitioners
MANCHESTER,MBChB ,Generalist medical practitioners
AGRA,MBBS ,Specialist medical practitioners
ST. PETERSBURG,MD ,Specialist medical practitioners
STAVROLPOL,MD ,Specialist medical practitioners
EA,LMS ,Generalist medical practitioners
MARYLAND,DDS ,Generalist medical practitioners
FLORENCE,MD ,Specialist medical practitioners
HUBEI,MBChB ,Generalist medical practitioners
PEKING,MBBS ,Specialist medical practitioners
ALBERTA,DDS ,Generalist medical practitioners
VITA,MD ,Specialist medical practitioners
DOWNSTATE,MD ,Specialist medical practitioners
LA SAPIENZA,MD ,Specialist medical practitioners
NORTH TEXAS,DO ,Generalist medical practitioners
LOYOLA UNIVERSITY,MD ,Specialist medical practitioners
MILAN,MBChB ,Generalist medical practitioners
CORNELL,MD ,Specialist medical practitioners
MILANO,MD ,Specialist medical practitioners
CHONNAM,MD ,Specialist medical practitioners
CALICUT,MBBS ,Specialist medical practitioners
ILLINOIS,MD ,Specialist medical practitioners
CHICAGO,MD ,Specialist medical practitioners
UCSD,MD ,Specialist medical practitioners
TEXAS,DDS ,Generalist medical practitioners
MINNESOTA,MD ,Specialist medical practitioners
HONG KONG,MBChB ,Generalist medical practitioners
KYUNGPOOK,MD ,Specialist medical practitioners
AMSTERDAM,BDS,Dentists
OKLAHOMA,MD ,Specialist medical practitioners
NAPLES,MD ,Specialist medical practitioners
MARYLAND,MD ,Specialist medical practitioners
GALAXY,MBBCh ,Generalist medical practitioners
UCSF,MD ,Specialist medical practitioners
DALHOUSIE,MD ,Specialist medical practitioners
GALWAY,MBChB ,Generalist medical practitioners
LIVERPOOL,MBChB ,Generalist medical practitioners
NAPLES,MBChB ,Generalist medical practitioners
UCLA,MD ,Specialist medical practitioners
NUI,MBBCh ,Generalist medical practitioners
SANS FRANCISCO,MD ,Specialist medical practitioners
CATHOLIC OF ROME,MBChB ,Generalist medical practitioners
BOLOGNA,MD ,Specialist medical practitioners
TRIBHUVAN,MBBS ,Specialist medical practitioners
PADUA,MD ,Specialist medical practitioners
SABA,MD ,Specialist medical practitioners
CORK,MBChB ,Generalist medical practitioners
UTAH,MD ,Specialist medical practitioners
INDIA,MBBS ,Specialist medical practitioners
INDIA,MD ,Generalist medical practitioners
MIAMI,MD ,Specialist medical practitioners
PYONGYANG,MD ,Specialist medical practitioners
ERASMUS,MD ,Specialist medical practitioners
LEEDS,MBChB ,Generalist medical practitioners
GUNTUR,MBBS ,Specialist medical practitioners
HABANA,MD ,Specialist medical practitioners
OHIO,MD ,Specialist medical practitioners
NEBRASKA,MD ,Specialist medical practitioners
GUADALAJARA,MD ,Specialist medical practitioners
COMMENIUS,MD ,Specialist medical practitioners
UBC,MD ,Specialist medical practitioners
BUTARE,MD ,Specialist medical practitioners
DONETSK,MD STOMATOLOGY ,Specialist medical practitioners
ALAZHUR,M MED TROPICAL MEDICINE ,Specialist medical practitioners
ZAGAZREG,M MED OPHTHALMOLOGY ,Specialist medical practitioners
BRISTOL,MBChB ,Generalist medical practitioners
TANTA,MBBCh ,Generalist medical practitioners
CAIRO,MBBS ,Specialist medical practitioners
QUEENSLAND,MBBS ,Specialist medical practitioners
COLORADO,DDS ,Generalist medical practitioners
KARKHOV,MD ,Specialist medical practitioners
KARACHI,MBBS ,Specialist medical practitioners
ARISTOTELIO,MBChB ,Generalist medical practitioners
PITTSBURG,MD ,Specialist medical practitioners
GOTHENBURG,BDS,Dentists
WITWATERSRAND,MBChB ,Generalist medical practitioners
LIEGE,MD ,Specialist medical practitioners
NAIROBI,BDS,Dentists
WEST INDIES,MD ,Specialist medical practitioners
BRESCIA,MD ,Specialist medical practitioners
ROME,MD ,Specialist medical practitioners
ADELAIDE,MBBS ,Specialist medical practitioners
CARDIFF,MBBCh ,Generalist medical practitioners
CALABAR,MBChB ,Generalist medical practitioners
VERONA,MD ,Specialist medical practitioners
ZAGAZREG,M MED ANESTHESIA ,Specialist medical practitioners
LYUBLJANA,MD ,Specialist medical practitioners
TURIN,MBChB ,Generalist medical practitioners
NEWYORK,MD ,Specialist medical practitioners
BARI,MBChB ,Generalist medical practitioners
MIDWESTERN,MD ,Specialist medical practitioners
ALAZHER,M MED PAEDIATRICS ,Specialist medical practitioners
SASKATCHEWAN,MD ,Specialist medical practitioners
CAMBRIDGE,MBChB ,Generalist medical practitioners
BAVARIA,MD ,Specialist medical practitioners
RUHR,MD ,Specialist medical practitioners
KAZAN,MD ,Specialist medical practitioners
NUR,MD ,Specialist medical practitioners
PAVIA,MD ,Specialist medical practitioners
KUBAN,MD ,Specialist medical practitioners
BANGALORE,MBBS ,Specialist medical practitioners
VIRGINIA,MD ,Specialist medical practitioners
MISSOURI,DO ,Generalist medical practitioners
RAJSHAHI,MBBS ,Specialist medical practitioners
UTMB,MD ,Specialist medical practitioners
KHARTOUM,MBChB ,Generalist medical practitioners
BEIJING,MD ,Specialist medical practitioners
GLASGOW,MBChB ,Generalist medical practitioners
SYDNEY,MBBS ,Specialist medical practitioners
AIN SHAMS,MD ,Specialist medical practitioners
ALBERTA,MD ,Specialist medical practitioners
TENNESSEE,DDS ,Generalist medical practitioners
MISSOURI,MD ,Specialist medical practitioners
KING'S COLLEGE LONDON,MBBS ,Specialist medical practitioners
MANITOBA,MD ,Specialist medical practitioners
TEXAS,MD ,Specialist medical practitioners
CALDAS,MBBS ,Specialist medical practitioners
IOWA,DO ,Generalist medical practitioners
ERYCIYES,MD ,Specialist medical practitioners
INDIANA,MD ,Specialist medical practitioners
WISCONSIN,MD ,Specialist medical practitioners
QUEENS,MD ,Specialist medical practitioners
TENNESSEE,MD ,Specialist medical practitioners
ARKANSAS,MD ,Specialist medical practitioners
CHUNGNAM,MD ,Specialist medical practitioners
NEW YORK,MD ,Specialist medical practitioners
ST. PETERSBURG,MBChB ,Generalist medical practitioners
PENNSYLVANIA,MD ,Specialist medical practitioners
SUN YAT SEN,MBChB ,Generalist medical practitioners
KYUSHU,MD ,Specialist medical practitioners
GLASCOW,MBChB ,Generalist medical practitioners
DR B.R AMBEDKAR,BDS,Dentists
LONDON,BDS,Dentists
CHARLES,MD ,Specialist medical practitioners
RUSSIAN STATE,MD ,Specialist medical practitioners
CEBU,MD ,Specialist medical practitioners
HEBREW,MD ,Specialist medical practitioners
WASHINGTON,DDS ,Generalist medical practitioners
CRIMEA STATE MEDICAL INSTITUTE,MD ,Specialist medical practitioners
BOSTON,MD ,Specialist medical practitioners
NEW SOUTH WALES,MBBS ,Specialist medical practitioners
WRIGHT STATE,MD ,Specialist medical practitioners
KINSHASA,MD ,Specialist medical practitioners
MOSCOW,BDS,Dentists
VOLGOGRAD,MBChB ,Generalist medical practitioners
GOMA,MD ,Specialist medical practitioners
DELHI,MBBS ,Specialist medical practitioners
DONETSK,MD ,Specialist medical practitioners
GOMA,MBBS ,Specialist medical practitioners
MALAWI,MBChB ,Generalist medical practitioners
DAR ES SALAAM,MDS ,Specialist medical practitioners
BOMBAY,MBBS ,Specialist medical practitioners
KARNATAKA,MBBS ,Specialist medical practitioners
YALE,MD ,Specialist medical practitioners
ROSTONOV,MD ,Specialist medical practitioners
LUGANSK,MD ,Specialist medical practitioners
UKRAINE,MD STOMATOLOGY ,Specialist medical practitioners
CAIRO,BDS,Dentists
GULU UNIVERSITY,BDS,Dentists
BESANCON,MD ,Specialist medical practitioners
WESTERN ONTARIO,MD ,Specialist medical practitioners
VOLGOGRAD,MD ,Specialist medical practitioners
PEOPLE'S FRIENDSHIP,MD ,Specialist medical practitioners
CALCUTA,MBBS ,Specialist medical practitioners
KANSAS,DO ,Generalist medical practitioners
ANTHENS,MD ,Specialist medical practitioners
UKRAINE,MD ,Specialist medical practitioners
PARMA,MD ,Specialist medical practitioners
AL,BDS,Dentists
JIMMA,MD ,Specialist medical practitioners
NOTTINGHAM,BMBS ,Generalist medical practitioners
AIN SHAMS,MBBCh ,Generalist medical practitioners
ARISTOTELIO,MD ,Specialist medical practitioners
KALININ,MD ,Specialist medical practitioners
IBADAN,MBBS ,Specialist medical practitioners
MOSCOW,MD STOMATOLOGY ,Specialist medical practitioners
LOVANIUM,MD ,Specialist medical practitioners
KALININ,BDS,Dentists
KOREA,MD ,Specialist medical practitioners
HABANA,MD STOMATOLOGY ,Specialist medical practitioners
LEICESTER,MBChB ,Generalist medical practitioners
ROSTONOV,MBChB ,Generalist medical practitioners
HEIDELBERG,MBChB ,Generalist medical practitioners
WROCLAW,MD ,Specialist medical practitioners
ALBAMA,MD ,Specialist medical practitioners
NIJMEGEN,MD ,Specialist medical practitioners
ST. GEORGE,MBBS ,Specialist medical practitioners
OKLAHOMA,DDS ,Generalist medical practitioners
GHANA,MBChB ,Generalist medical practitioners
STAVROLPOL,MD STOMATOLOGY ,Specialist medical practitioners
ERLANGEN NURBERG,MBChB ,Generalist medical practitioners
ULM,MD ,Specialist medical practitioners
MASARYK,MD ,Specialist medical practitioners
KIEV,MD STOMATOLOGY ,Specialist medical practitioners
PRAGUE,MD ,Specialist medical practitioners
MAHE,MBBS ,Specialist medical practitioners
SHANGAI,MBChB ,Generalist medical practitioners
WEST ONT.,MD ,Specialist medical practitioners
YONSEI,DDS ,Generalist medical practitioners
NORTH WESTERN,MD ,Specialist medical practitioners
SHANXI,MD ,Specialist medical practitioners
HAVANA,MD ,Specialist medical practitioners
VANDERBILT,MD ,Specialist medical practitioners
GENOVA,MBChB ,Generalist medical practitioners
OREGON,MD ,Specialist medical practitioners
FLORIDA,MD ,Specialist medical practitioners
NIJMEGEN,DDS ,Generalist medical practitioners
TAIPEI,MD ,Specialist medical practitioners
VILLA CLARA,MD ,Specialist medical practitioners
TANTA,MBChB ,Generalist medical practitioners
SAARLAND,MD ,Specialist medical practitioners
BEIJING,MBChB ,Generalist medical practitioners
VARESE,MD ,Specialist medical practitioners
TEMPLE,MD ,Specialist medical practitioners
DUNDEE,MBChB ,Generalist medical practitioners
MONSUL,MBChB ,Generalist medical practitioners
HEIDELBERG,MD ,Specialist medical practitioners
RCS EDINBURGH,LDS ,Generalist medical practitioners
SOFIA,MD ,Specialist medical practitioners
RYAZAN,MD ,Specialist medical practitioners
TUFTS,MD ,Specialist medical practitioners
DUBLIN,MBChB ,Generalist medical practitioners
SARAYEVO,MD ,Specialist medical practitioners
SALONICA,MD ,Specialist medical practitioners
DUBAI,MBBS ,Specialist medical practitioners
ENGLAND,MRCS ,Specialist medical practitioners
SHANGAI,MBBS ,Specialist medical practitioners
ODESSA,MD ,Specialist medical practitioners
MOI,MBChB ,Generalist medical practitioners
WITWATERSRAND,MBBCh ,Generalist medical practitioners
ABERDEEN,MBBS ,Specialist medical practitioners
CWRU,MD ,Specialist medical practitioners
UNIVERSITY COLLEGE LONDON,MBBS ,Specialist medical practitioners
TASHKENT,MD ,Specialist medical practitioners
LA SAPIENZA,MBChB ,Generalist medical practitioners
KONGO,MD ,Specialist medical practitioners
MINNESOTA,DDS ,Generalist medical practitioners
EDINBURGH,MBChB ,Generalist medical practitioners
DREXELL,MD ,Specialist medical practitioners
SOUTH CAROLINA,MDM ,Specialist medical practitioners
DUBLIN,MBBCh ,Generalist medical practitioners
JOS,MBBCh ,Generalist medical practitioners
GEORGETOWN,MD ,Specialist medical practitioners
BELGRADE,MD ,Specialist medical practitioners
WARWICK,MBChB ,Generalist medical practitioners
LIAQUAT,MBBS ,Specialist medical practitioners
ROME,MBBS ,Specialist medical practitioners
PUNJAB,BDS,Dentists
UPPER NILE,MBBS ,Specialist medical practitioners
NSUKKA,MBBS ,Specialist medical practitioners
MELBOURNE,MBBS ,Specialist medical practitioners
NEWCASTLE UPON TYNE,MBBS ,Specialist medical practitioners
SIENA,MBChB ,Generalist medical practitioners
OXFORD,MBChB ,Generalist medical practitioners
BASRAH,MBChB ,Generalist medical practitioners
BUDAPEST,MD ,Specialist medical practitioners
LODZ,MDS ,Specialist medical practitioners
MINSK,MD ,Specialist medical practitioners
ZHONGSHAN,MBChB ,Generalist medical practitioners
CAMAGUEY,MD ,Specialist medical practitioners
CAIRO,M MED ENT ,Specialist medical practitioners
NISHTAR MEDICAL COLLEGE,MBBS ,Specialist medical practitioners
GUANGXI,MBChB ,Generalist medical practitioners
INT. MEDICINE & TECHNOLOGY UNIVERSITY,MBBS ,Specialist medical practitioners
IOWA,DDS ,Generalist medical practitioners
MICHIGAN,DDS ,Generalist medical practitioners
LIAQUAT,BDS,Dentists
CALCUTA,MBChB ,Generalist medical practitioners
VOLGOGRAD,MD STOMATOLOGY ,Specialist medical practitioners
TVER,MD ,Specialist medical practitioners
BUTARE,MBChB ,Generalist medical practitioners
SWAT,MBBS ,Specialist medical practitioners
ISCM SANTIAGO,MD ,Specialist medical practitioners
ROSS,MD ,Specialist medical practitioners
MAKERERE UNIVERSITY,DBS ,Generalist medical practitioners
KHARKHOV,MBChB ,Generalist medical practitioners
WALES,BDS,Dentists
PEKING,MBChB ,Generalist medical practitioners
TERNOPIL,MD ,Specialist medical practitioners
TVER,MD STOMATOLOGY ,Specialist medical practitioners
MELBOURNE,MD ,Specialist medical practitioners
UNISR,MD ,Specialist medical practitioners
KIEV,MD ,Specialist medical practitioners
COLOGNE,MD ,Specialist medical practitioners
OYO,MBBS ,Specialist medical practitioners
SOONCHUNGHYANG,MD ,Specialist medical practitioners
UNAZA CUK,MD ,Specialist medical practitioners
BANARAS HINDU,MBBS ,Specialist medical practitioners
LAGOS,MBBS ,Specialist medical practitioners
IBADAN,MBChB ,Generalist medical practitioners
BAGHDAD,MBChB ,Generalist medical practitioners
TONGJI,MBBS ,Specialist medical practitioners
PATHOLOGY,M MED ,Specialist medical practitioners
HAMBURG,MD ,Specialist medical practitioners
CENTRAL,MD ,Specialist medical practitioners
LUCKNOW,MBBS ,Specialist medical practitioners
PUNE,MBBS ,Specialist medical practitioners
SOUTH GUJARAT,MBBS ,Specialist medical practitioners
GUJARAT,BDS,Dentists
CHOSUN,BDS,Dentists
PADOVA,MD ,Specialist medical practitioners
GUJARAT,MBBS ,Specialist medical practitioners
SOUTHERN FLORIDA,MD ,Specialist medical practitioners
L'AQUILA,MBChB ,Generalist medical practitioners
PAVOL JOSEF SAFARIK,MD ,Specialist medical practitioners
TRINITY COLLEGE DUBLIN,MBChB ,Generalist medical practitioners
NAPLES,MBBS ,Specialist medical practitioners
AUCKLAND,MBChB ,Generalist medical practitioners
SLOVENIA,MD ,Specialist medical practitioners
MARQUETTE,DDS ,Generalist medical practitioners
DARTMOUTH,MD ,Specialist medical practitioners
COMPLUTENSE,MD ,Specialist medical practitioners
ROCHESTER,MD ,Specialist medical practitioners
KAROLINSKA,MD ,Specialist medical practitioners
MEGILL,MD ,Specialist medical practitioners
BARCELONA,MBBS ,Specialist medical practitioners
LIUBLIANA,MD ,Specialist medical practitioners
STELLENBOSCH,MBChB ,Generalist medical practitioners
AUTONOMA DE GUADALAJARA,MD ,Specialist medical practitioners
JOHN HOPKINS,MD ,Specialist medical practitioners
HAVANA,MBChB ,Generalist medical practitioners
CALIFORNIA,MBBS ,Specialist medical practitioners
MONTEMORELOS,MD ,Specialist medical practitioners
ST. ANDREWS,MBChB ,Generalist medical practitioners
RANI DURGAVATI,MBBS ,Specialist medical practitioners
KABUL,MD ,Specialist medical practitioners
DUKE,MD ,Specialist medical practitioners
MICHIGAN,MD ,Specialist medical practitioners
EGE,MD ,Specialist medical practitioners
MUNICH,MD ,Specialist medical practitioners
SIENA,MD ,Specialist medical practitioners
KENTUCKY,MD ,Specialist medical practitioners
LA SAPIENZA,DMS ,Generalist medical practitioners
GUANGXI,MBBS ,Specialist medical practitioners
SKOPJE,MD STOMATOLOGY ,Specialist medical practitioners
TAMIL NADU,MBBS ,Specialist medical practitioners
BARODA,MBBS ,Specialist medical practitioners
NEW MEXICO,MD ,Specialist medical practitioners
BANGLADESH,MBBS ,Specialist medical practitioners
PUNJAB,MBBS ,Specialist medical practitioners
LEIPZIG,MBChB ,Generalist medical practitioners
PHILIPPINE,MD ,Specialist medical practitioners
RAJIVGANDHI,BDS,Dentists
LUMUMBA,MD ,Specialist medical practitioners
SKOPJE,MD ,Specialist medical practitioners
GIFU,MD ,Specialist medical practitioners
NEW FOUNDLAND,MD ,Specialist medical practitioners
FLINDERS,BMBS ,Generalist medical practitioners
ALAZHUR,M MED PAEDIATRICS ,Specialist medical practitioners
SEOUL,MD ,Specialist medical practitioners
CHOSUN,DDS ,Generalist medical practitioners
BROWN,MD ,Specialist medical practitioners
PECS,MD ,Specialist medical practitioners
BIRMINGHAM,BDS,Dentists
PEOPLE'S FRIENDSHIP,MBChB ,Generalist medical practitioners
S/WESTERN,MD ,Specialist medical practitioners
TEXAS,DO ,Generalist medical practitioners
UMDNJ,MD ,Specialist medical practitioners
HONG KONG,MBBS ,Specialist medical practitioners
KAZALEH NATIONAL UNIVERSITY,MD ,Specialist medical practitioners
SINDH,MBBS ,Specialist medical practitioners
RADBOND,BDS,Dentists
UNC,MD ,Specialist medical practitioners
SUNY DOWNSTATE,MD ,Specialist medical practitioners
CHENNAI,MBBS ,Specialist medical practitioners
UNCCH,MD ,Specialist medical practitioners
IOWA,MD ,Specialist medical practitioners
LEIDEN,MD ,Specialist medical practitioners
LUBUMBASHI,MD ,Specialist medical practitioners
COLORADO,MD ,Specialist medical practitioners
LA SAPIENZA,MBBS ,Specialist medical practitioners
MANILA,MD ,Specialist medical practitioners
BELGIUM,MD ,Specialist medical practitioners
PONDICHERRY,MBBS ,Specialist medical practitioners
GENT,MD ,Specialist medical practitioners
GRONINGEN,MD ,Specialist medical practitioners
MONTREAL,DMD ,Generalist medical practitioners
LOYOLA UNIVERSITY,DDS ,Generalist medical practitioners
FEDERICO,MBChB ,Generalist medical practitioners
D.G.ANNUNZIO CHIET,MD ,Specialist medical practitioners
ST. ANDRWES,MBChB ,Generalist medical practitioners
KARAZIN KHARKOV,MD ,Specialist medical practitioners
INTERNATIONAL ISLAMIC UNIVERSITY,MBBS ,Specialist medical practitioners
SUNJET SUN,MBChB ,Generalist medical practitioners
NINGXIA,MD ,Specialist medical practitioners
MALTA,MD ,Specialist medical practitioners
GLASGOW,BDS,Dentists
TASMANIA,MBBS ,Specialist medical practitioners
CHINA,MD ,Specialist medical practitioners
MANGALORE,BDS,Dentists
ATATURK,MD ,Specialist medical practitioners
GATA,MD ,Specialist medical practitioners
CALGARY,MD ,Specialist medical practitioners
UTRECHT,MD ,Specialist medical practitioners
DICLE,MDR ,Specialist medical practitioners
TIANJIN,MBChB ,Generalist medical practitioners
BRATISLAVA COMMENIUS,MD ,Specialist medical practitioners
